Title,URL,Images,Last Modified
Homepage,https://modafiniltalk.com/,0,2025-08-28 05:45 +00:00
Methylene Blue,https://modafiniltalk.com/methylene-blue-the-antidote-that-became-a-brain-booster/,3,2025-08-28 05:45 +00:00
Buy Modafinil in US,https://modafiniltalk.com/how-to-buy-modafinil-in-us/,19,2025-08-27 07:24 +00:00
Rapidfinil Scam Site,https://modafiniltalk.com/rapidfinil-scam-site/,4,2025-08-26 06:38 +00:00
Top Vendors 2025,https://modafiniltalk.com/top-modafinil-vendors/,3,2025-08-25 21:56 +00:00
ModaWhale Review,https://modafiniltalk.com/modawhale-review/,5,2025-08-22 07:36 +00:00
Modafinia Legit?,https://modafiniltalk.com/modafinia-legit/,10,2025-08-22 07:35 +00:00
ModafinilXL Legit?,https://modafiniltalk.com/modafinilxl-legit/,7,2025-08-22 07:34 +00:00
Rapidfinil Scam Report,https://modafiniltalk.com/rapidfinil-scam/,11,2025-08-22 07:33 +00:00
ModaPrimeUSA Legit?,https://modafiniltalk.com/modaprimeusa-legit/,9,2025-08-22 07:32 +00:00
Buy Modafinil in Europe,https://modafiniltalk.com/buy-modafinil-in-europe/,8,2025-08-22 07:31 +00:00
Page Test,https://modafiniltalk.com/page-test/,9,2025-08-22 07:30 +00:00
What is Bromantane?,https://modafiniltalk.com/what-is-bromantane/,13,2025-08-22 07:29 +00:00
BuyModa Scam Report,https://modafiniltalk.com/buymoda-review-buymoda-scam/,15,2025-08-22 07:27 +00:00
Strychnine Breakdown,https://modafiniltalk.com/strychnine-deadly-nootropic/,4,2025-08-22 07:21 +00:00
